S_No,Volume_Number,Issue_Number,Date,Month ,Year,Research_Articles,Review_Articles
1,192,1,10,January,2011,12,1
2,192,2,24,January,2011,8,1
3,192,3,7,February,2011,9,1
4,192,4,21,February,2011,9,1
5,192,5,7,March,2011,11,2
6,192,6,21,March,2011,7,1
7,193,1,4,April,2011,11,2
8,193,2,18,April,2011,9,1
9,193,3,2,May,2011,8,2
10,193,4,16,May,2011,8,2
11,193,5,30,May,2011,6,2
12,193,6,13,June,2011,9,2
13,193,7,27,June,2011,10,1
14,194,1,11,July,2011,7,1
15,194,2,25,July,2011,9,1
16,194,3,8,August,2011,6,1
17,194,4,22,August,2011,7,1
18,194,5,5,September,2011,7,2
19,194,6,19,September,2011,7,1
20,195,1,3,October,2011,9,1
21,195,2,17,October,2011,8,1
22,195,3,31,October,2011,10,1
23,195,4,14,November,2011,7,1
24,195,5,28,November,2011,12,1
25,195,6,12,December,2011,8,3
26,195,7,26,December,2011,5,2
27,196,1,9,January,2012,8,1
28,196,2,23,January,2012,4,2
29,196,3,6,February,2012,3,1
30,196,4,20,February,2012,8,1
31,196,5,5,March,2012,6,1
32,196,6,19,March,2012,7,1
33,197,1,2,April,2012,7,2
34,197,2,16,April,2012,6,1
35,197,3,30,April,2012,4,2
36,197,4,14,May,2012,4,1
37,197,5,28,May,2012,5,1
38,197,6,11,June,2012,8,1
39,197,7,25,June,2012,8,1
40,198,1,9,July,2012,5,2
41,198,2,23,July,2012,4,2
42,198,3,6,August,2012,7,3
43,198,4,20,August,2012,14,2
44,198,5,3,September,2012,10,2
45,198,6,17,September,2012,6,1
46,199,1,1,October,2012,9,0
47,199,2,15,October,2012,10,1
48,199,3,29,October,2012,8,1
49,199,4,12,November,2012,8,0
50,199,5,26,November,2012,7,2
51,199,6,10,December,2012,8,1
52,199,7,24,December,2012,6,2
